Формулировка на естественном языке (русский),Формулировка на естественном языке (английский),Запись на формальном языке,Код Lean 4 + Mathlib,Ключевые слова (русский / английский),Тип утверждения,Источник
"Если характеристика χ относится к ненулевому типу, то A∗= ⟨x0⟩∗⊂N, x∗= x0. В этом случае группа A∗изоморфна группе Rχ = = ⟨1⟩∗⊂Zχ. Если характеристика χ = (mp) относится к нулевому типу, то она определяет целое число m = p pmp.","if характеристика χ относится к ненулевому типу, then A∗= ⟨x0⟩∗⊂N, x∗= x0. В этом случае group A∗is isomorphic group Rχ = = ⟨1⟩∗⊂Zχ. if характеристика χ = (mp) относится к нулевому типу, then она определяет целое число m = p pmp.","∀ A B, A ≅ B ↔ ∃ f : A → B, Isomorphism(f)","import Mathlib

theorem dataset_item_0001 {G H : Type*} [Group G] [Group H] :
    Nonempty (G ≃* H) → Nonempty (H ≃* G) := by
  intro h
  rcases h with ⟨e⟩
  exact ⟨e.symm⟩",группа; изоморфизм,ISOMORPH,elibrary_11162670_72358071.txt
"Можно дать эквивалентное определение этого умножения. Поскольку Q(σ) = K/Iσ и Q(τ) = K/Iτ по свойству 13 τ-адических чисел, то элементы представляются в виде α = α1 +Iσ, β = β1 +Iτ, где α1, β1 ∈K — универсальные числа. При условии, что type(α) ⩾σ −σ ∧τ, это умножение правильно определено.","Можно дать эквивалентное Definition этого умножения. Поскольку Q(σ) = K/Iσ и Q(τ) = K/Iτ по свойству 13 τ-адических чисел, then элементы представляются в виде α = α1 +Iσ, β = β1 +Iτ, где α1, β1 ∈K — универсальные числа. При условии, что type(α) ⩾σ −σ ∧τ, это умножение правильно определено.","∀ A B, A ≅ B ↔ ∃ f : A → B, Isomorphism(f)","import Mathlib

theorem dataset_item_0002 {G H : Type*} [Group G] [Group H] :
    Nonempty (G ≃* H) → Nonempty (H ≃* G) := by
  intro h
  rcases h with ⟨e⟩
  exact ⟨e.symm⟩",свойство,ISOMORPH,elibrary_11162670_72358071.txt
"Сначала мы заменим каждый тип τi на характеристику χi ∈τi. Фомин матрицы A на ненулевое рациональное число является изоморфизмом категории M, то мы можем без потери общности считать, что каждый элемент матрицы A имеет вид α′ ij = 1⊗αij, где элементы αij ∈Zχi являются представителями τi-адических чисел. Различный выбор представителей приводит, вообще говоря, к различным парам групп, факторно делимой и без кручения конечного ранга, но эти различия не выходят за рамки квазиравенства.","Сначала мы заменим каждый тип τi на характеристику χi ∈τi. Фомин матрицы A на ненулевое рациональное число is изоморфизмом категории M, then мы можем без потери общности считать, что каждый элемент матрицы A has вид α′ ij = 1⊗αij, где элементы αij ∈Zχi являются представителями τi-адических чисел. Различный выбор представителей приводит, вообще говоря, к различным парам групп, факторно делимой и без кручения конечного ранга, но эти различия не выходят за рамки квазиравенства.","∀ A B, A ≅ B ↔ ∃ f : A → B, Isomorphism(f)","import Mathlib

theorem dataset_item_0003 {G H : Type*} [Group G] [Group H] :
    Nonempty (G ≃* H) → Nonempty (H ≃* G) := by
  intro h
  rcases h with ⟨e⟩
  exact ⟨e.symm⟩",группа; изоморфизм,ISOMORPH,elibrary_11162670_72358071.txt
"Эквивалентности и двойственности Напомним, что категории A и B называются эквивалентными (двойственными), если существуют ковариантные (контравариантные) функторы f : A →B и f ′ : B →A, такие что ff ′ ∼idB и f ′f ∼idA. Запись f ′f ∼idA означает, что для любого объекта A категории A существует изоморфизм gA : A →f ′ f(A) , такой что для любого морфизма h: A →B категории A следующая диаграмма коммутативна: A h −−−−→ B gA  gB f ′ f(A) −−−−−→ f ′(f(h)) f ′ f(B) . (4.1) 4.1. Категории M и RM Обозначим через Mat Q множество всех прямоугольных матриц произвольных размеров с рациональными элементами.","Эквивалентности и двойственности Напомним, что категории A и B называются эквивалентными (двойственными), if существуют ковариантные (контравариантные) функторы f : A →B и f ′ : B →A, такие что ff ′ ∼idB и f ′f ∼idA. Запись f ′f ∼idA означает, что for every объекта A категории A there exists isomorphism gA : A →f ′ f(A) , такой что for every морфизма h: A →B категории A следующая диаграмма коммутативна: A h −−−−→ B gA  gB f ′ f(A) −−−−−→ f ′(f(h)) f ′ f(B) . (4.1) 4.1. Категории M и RM Обозначим через Mat Q множество всех прямоугольных матриц произвольных размеров с рациональными элементами.","∀ A B, A ≅ B ↔ ∃ f : A → B, Isomorphism(f)","import Mathlib

theorem dataset_item_0004 {G H : Type*} [Group G] [Group H] :
    Nonempty (G ≃* H) → Nonempty (H ≃* G) := by
  intro h
  rcases h with ⟨e⟩
  exact ⟨e.symm⟩",изоморфизм,ISOMORPH,elibrary_11162670_72358071.txt
"Мы наконец определяем группу A = d(A∗) с помощью множества порождающих элементов: A = ⟨f(x0 1)x1 + . . . + f(x0 n)xn | f ∈HomˆZ(M, Q/Z)⟩. Так как группа A/F является конечной прямой суммой локально циклических групп, то из леммы 2 следует, что HomˆZ(Hom(A/F, Q/Z), Q/Z) ∼= A/F. (5.10) ˆZ-модуль M = Hom(A/F, Q/Z) = ˆA∗содержит элементы x0 1, . . . , x0 n, которые одновременно являются гомоморфизмами A/F →Q/Z, определёнными в (5.9), и образами базисных элементов x∗ 1, . . . , x∗ n ∈A∗при Z-адическом пополнении A∗→ˆA∗. ˆZ-модульный гомоморфизм f : M →Q/Z переходит при изоморфизме (5.10) в элемент f(x0 1)x1 + . . . + f(x0 n)xn + F ∈A/F. Это показывает, что d d′(A) = A и d′ d(A∗) = A∗для двойственных групп A и A∗с двойственными базисами x1, . . . , xn ∈A и x∗ 1, . . . , x∗ n ∈A∗.","Мы наконец определяем group A = d(A∗) с помощью множества порождающих элементов: A = ⟨f(x0 1)x1 + . . . + f(x0 n)xn | f ∈HomˆZ(M, Q/Z)⟩. Так как group A/F is конечной прямой суммой локально циклических групп, then из леммы 2 следует, что HomˆZ(Hom(A/F, Q/Z), Q/Z) ∼= A/F. (5.10) ˆZ-module M = Hom(A/F, Q/Z) = ˆA∗содержит элементы x0 1, . . . , x0 n, которые одновременно являются гомоморфизмами A/F →Q/Z, определёнными в (5.9), и образами базисных элементов x∗ 1, . . . , x∗ n ∈A∗при Z-адическом пополнении A∗→ˆA∗. ˆZ-модульный homomorphism f : M →Q/Z переходит при изоморфизме (5.10) в элемент f(x0 1)x1 + . . . + f(x0 n)xn + F ∈A/F. Это показывает, что d d′(A) = A и d′ d(A∗) = A∗для двойственных групп A и A∗с двойственными базисами x1, . . . , xn ∈A и x∗ 1, . . . , x∗ n ∈A∗.","∀ A B, A ≅ B ↔ ∃ f : A → B, Isomorphism(f)","import Mathlib

theorem dataset_item_0005 {G H : Type*} [Group G] [Group H] :
    Nonempty (G ≃* H) → Nonempty (H ≃* G) := by
  intro h
  rcases h with ⟨e⟩
  exact ⟨e.symm⟩",гомоморфизм; группа; изоморфизм,ISOMORPH,elibrary_11162670_72358071.txt
"Пусть m — строго положительная d-разложимая F-значная мера на полной булевой алгебре B. Тогда существуют правильная подалгебра B0 в B и булевый изоморфизм ψ из ∇на B0 такие, что m(ψ(a)e) = am(e) для всех a ∈∇, e ∈B. ◁Пусть a ∈∇. Существует такое g ∈B, что m(g) = am(1B).","Пусть m — строго положительная d-разложимая F-значная мера на полной булевой алгебре B. Тогда существуют правильная подалгебра B0 в B и булевый isomorphism ψ из ∇на B0 такие, что m(ψ(a)e) = am(e) for all a ∈∇, e ∈B. ◁Пусть a ∈∇. there exists такое g ∈B, что m(g) = am(1B).","∀ A B, A ≅ B ↔ ∃ f : A → B, Isomorphism(f)","import Mathlib

theorem dataset_item_0006 {G H : Type*} [Group G] [Group H] :
    Nonempty (G ≃* H) → Nonempty (H ≃* G) := by
  intro h
  rcases h with ⟨e⟩
  exact ⟨e.symm⟩",алгебра; изоморфизм,ISOMORPH,elibrary_11606382_64427316.txt
"Разложимые меры со значениями в порядково полных векторных решетках 35 В случае ∇= {0, 1}, понятие ∇-непрерывности совпадает с известным определением непрерывности булевой алгебры. Следующие условия эквивалентны: (i) B является ∇-непрерывной; (ii) eB ̸= ∇e := {ae : a ∈∇} для любого 0 ̸= e ∈B. ◁(i) →(ii) : Так как B — ∇-непрерывная булева алгебра, то для каждого 0 ̸= e ∈B существует такое g ∈eB, g ̸= e, что z(g) = z(e). Предположим, что g = ae для некоторого a ∈∇.","Разложимые меры со значениями в порядково полных векторных решетках 35 В случае ∇= {0, 1}, понятие ∇-непрерывности совпадает с известным определением непрерывности булевой algebras. Следующие условия эквивалентны: (i) B is ∇-непрерывной; (ii) eB ̸= ∇e := {ae : a ∈∇} for every 0 ̸= e ∈B. ◁(i) →(ii) : Так как B — ∇-непрерывная булева algebra, then для каждого 0 ̸= e ∈B there exists такое g ∈eB, g ̸= e, что z(g) = z(e). Предположим, что g = ae для некоторого a ∈∇.","∀ A B, A ≅ B ↔ ∃ f : A → B, Isomorphism(f)","import Mathlib

theorem dataset_item_0007 {G H : Type*} [Group G] [Group H] :
    Nonempty (G ≃* H) → Nonempty (H ≃* G) := by
  intro h
  rcases h with ⟨e⟩
  exact ⟨e.symm⟩",алгебра,ISOMORPH,elibrary_11606382_64427316.txt
"База P(C ↓) (т. е. булева алгебра порядковых проекторов в C ↓) изоморфна B, поэтому считаем, допуская вольность, что эти булевы алгебры совпадают. В модели V(B) имеет место утверждение: поле C∧алгебраически замкнуто в C . В частности, если V(B) |= C∧̸= C , то V(B) |= « C — трансцендентное расширение поля C ∧».","База P(C ↓) (т. е. булева algebra порядковых проекторов в C ↓) is isomorphic B, поэтому считаем, допуская вольность, что эти булевы algebras совпадают. В модели V(B) has место утверждение: field C∧алгебраически замкнуто в C . В частности, if V(B) |= C∧̸= C , then V(B) |= « C — трансцендентное расширение fields C ∧».","∀ A B, A ≅ B ↔ ∃ f : A → B, Isomorphism(f)","import Mathlib

theorem dataset_item_0008 {G H : Type*} [Group G] [Group H] :
    Nonempty (G ≃* H) → Nonempty (H ≃* G) := by
  intro h
  rcases h with ⟨e⟩
  exact ⟨e.symm⟩",алгебра; изоморфизм; поле,ISOMORPH,elibrary_12940994_90179269.txt
"Тогда K-пространство πξ C ↓изоморфно C∞(Q), причем элемент πξ(1) переходит в функцию, тождественно равную единице на Q. Если f ∈C∞(Q) — образ элемента πξz0 при указанном изоморфизме, то приходим к соотношению λ0,ξ + λ1,ξf(q) + · · · + λn−1,ξf(q)n−1 = 0 (q ∈Q). В силу основной теоремы алгебры непрерывная функция f имеет не более n значений, следовательно, она ступенчата.","Тогда K-пространство πξ C ↓is isomorphic C∞(Q), причем элемент πξ(1) переходит в функцию, тождественно равную единице на Q. if f ∈C∞(Q) — образ элемента πξz0 при указанном изоморфизме, then приходим к соотношению λ0,ξ + λ1,ξf(q) + · · · + λn−1,ξf(q)n−1 = 0 (q ∈Q). В силу основной теоремы algebras непрерывная функция f has не более n значений, следовательно, она ступенчата.","∀ A B, A ≅ B ↔ ∃ f : A → B, Isomorphism(f)","import Mathlib

theorem dataset_item_0009 {G H : Type*} [Group G] [Group H] :
    Nonempty (G ≃* H) → Nonempty (H ≃* G) := by
  intro h
  rcases h with ⟨e⟩
  exact ⟨e.symm⟩",алгебра; изоморфизм,ISOMORPH,elibrary_12940994_90179269.txt
"Основной результат Напомним еще несколько определений, необходимых для формулировки основного результата. Булеву σ-алгебру B называют σ-дистрибутивной, если для любой двойной последовательности (bn,m)n,m∈N в B выполнено условие _ n∈N ^ m∈N bn,m = ^ ϕ∈NN _ n∈N bn,ϕ(n). Другие эквивалентные определения имеются в книге [14].","Основной результат Напомним еще несколько определений, необходимых для формулировки основного результата. Булеву σ-алгебру B называют σ-дистрибутивной, if для любой двойной последовательности (bn,m)n,m∈N в B выполнено условие _ n∈N ^ m∈N bn,m = ^ ϕ∈NN _ n∈N bn,ϕ(n). Другие эквивалентные определения имеются в книге [14].","∀ A B, A ≅ B ↔ ∃ f : A → B, Isomorphism(f)","import Mathlib

theorem dataset_item_0010 {G H : Type*} [Group G] [Group H] :
    Nonempty (G ≃* H) → Nonempty (H ≃* G) := by
  intro h
  rcases h with ⟨e⟩
  exact ⟨e.symm⟩",алгебра,ISOMORPH,elibrary_12940994_90179269.txt
"О мультипликативном представлении билинейных операторов 359 Пусть B — полная булева алгебра порядковых проекторов расширенного пространства Канторовича G. Тогда G изоморфен спуску R↓поля вещественных чисел R в булевозначной модели теории множеств V(B) [21, теорема 10.3.4]. На этом основании можно считать, что G = R↓.","О мультипликативном представлении билинейных операторов 359 Пусть B — полная булева algebra порядковых проекторов расширенного пространства Канторовича G. Тогда G изоморфен спуску R↓fields вещественных чисел R в булевозначной модели теории множеств V(B) [21, Theorem 10.3.4]. На этом основании можно считать, что G = R↓.","∀ A B, A ≅ B ↔ ∃ f : A → B, Isomorphism(f)","import Mathlib

theorem dataset_item_0011 {G H : Type*} [Group G] [Group H] :
    Nonempty (G ≃* H) → Nonempty (H ≃* G) := by
  intro h
  rcases h with ⟨e⟩
  exact ⟨e.symm⟩",алгебра; изоморфизм; поле,ISOMORPH,elibrary_12945099_81362740.txt
"Эквивалентно, она является ассоциативной алгеброй, свободно порожденной посредством V по модулю соотношений vw + wv = −2⟨v, w⟩ для всех v, w ∈V . Если V = Rn с его обычным скалярным произведением, назовем его клиффордовой алгеброй Cliﬀ(n). Конкретно, это ассоциативная алгебра, свободно порожденная n антикоммутирующими квадратными корнями из −1.","Эквивалентно, она is ассоциативной алгеброй, свободно порожденной посредством V по модулю соотношений vw + wv = −2⟨v, w⟩ for all v, w ∈V . if V = Rn с его обычным скалярным произведением, назовем его клиффордовой алгеброй Cliﬀ(n). Конкретно, это ассоциативная algebra, свободно порожденная n антикоммутирующими квадратными корнями из −1.","∀ A B, A ≅ B ↔ ∃ f : A → B, Isomorphism(f)","import Mathlib

theorem dataset_item_0012 {G H : Type*} [Group G] [Group H] :
    Nonempty (G ≃* H) → Nonempty (H ≃* G) := by
  intro h
  rcases h with ⟨e⟩
  exact ⟨e.symm⟩",алгебра; модуль,ISOMORPH,elibrary_13294250_28611886.txt
"Задав алгебру, мы будем свободно считать действительные числа элементами этой алгебры посредством отображения α 7→α1. Алгебра A является алгеброй с делением, если даны a, b ∈A с ab = 0, тогда либо a = 0, либо b = 0. Эквивалентно, A есть алгебра с делением, если операции левого и правого умножения на любой ненулевой элемент являются обратимыми.","Задав алгебру, мы будем свободно считать действительные числа элементами этой algebras посредством отображения α 7→α1. algebra A is алгеброй с делением, if даны a, b ∈A с ab = 0, тогда либо a = 0, либо b = 0. Эквивалентно, A есть algebra с делением, if операции левого и правого умножения на любой ненулевой элемент являются обратимыми.","∀ A B, A ≅ B ↔ ∃ f : A → B, Isomorphism(f)","import Mathlib

theorem dataset_item_0013 {G H : Type*} [Group G] [Group H] :
    Nonempty (G ≃* H) → Nonempty (H ≃* G) := by
  intro h
  rcases h with ⟨e⟩
  exact ⟨e.symm⟩",алгебра,ISOMORPH,elibrary_13294250_28611886.txt
"Октонионы пространство V с действительным скалярным произведением, клиффордова алгебра Cliﬀ(V ) является ассоциативной алгеброй, свободно порожденной посредством V по модулю соотношений v2 = −∥v∥2 для всех v ∈V . Эквивалентно, она является ассоциативной алгеброй, свободно порожденной посредством V по модулю соотношений vw + wv = −2⟨v, w⟩ для всех v, w ∈V . Если V = Rn с его обычным скалярным произведением, назовем его клиффордовой алгеброй Cliﬀ(n).","Октонионы пространство V с действительным скалярным произведением, клиффордова algebra Cliﬀ(V ) is ассоциативной алгеброй, свободно порожденной посредством V по модулю соотношений v2 = −∥v∥2 for all v ∈V . Эквивалентно, она is ассоциативной алгеброй, свободно порожденной посредством V по модулю соотношений vw + wv = −2⟨v, w⟩ for all v, w ∈V . if V = Rn с его обычным скалярным произведением, назовем его клиффордовой алгеброй Cliﬀ(n).","∀ A B, A ≅ B ↔ ∃ f : A → B, Isomorphism(f)","import Mathlib

theorem dataset_item_0014 {G H : Type*} [Group G] [Group H] :
    Nonempty (G ≃* H) → Nonempty (H ≃* G) := by
  intro h
  rcases h with ⟨e⟩
  exact ⟨e.symm⟩",алгебра; модуль,ISOMORPH,elibrary_13294250_28611886.txt
"Любой октонион e1, квадрат которого равен −1, порождает подалгебру O, изоморфную C. Если мы затем выберем любой октонион e2, квадрат которого равен −1 и который антикоммутирует с e1, элементы e1, e2 порождают подалгебру, изоморфную H. Наконец, если мы выберем октонион e3, квадрат которого равен −1 и который антикоммутирует с e1, e2 и e1e2, то элементы e1, e2, e3 порождают всю O.","Любой октонион e1, квадрат которого равен −1, порождает подалгебру O, изоморфную C. if мы затем выберем любой октонион e2, квадрат которого равен −1 и который антикоммутирует с e1, элементы e1, e2 порождают подалгебру, изоморфную H. Наконец, if мы выберем октонион e3, квадрат которого равен −1 и который антикоммутирует с e1, e2 и e1e2, then элементы e1, e2, e3 порождают всю O.","∀ A B, A ≅ B ↔ ∃ f : A → B, Isomorphism(f)","import Mathlib

theorem dataset_item_0015 {G H : Type*} [Group G] [Group H] :
    Nonempty (G ≃* H) → Nonempty (H ≃* G) := by
  intro h
  rcases h with ⟨e⟩
  exact ⟨e.symm⟩",изоморфизм,ISOMORPH,elibrary_13294250_28611886.txt
"Они называются спинорами – но мы предупреждаем читателя, что этот термин уже используется для обозначения многих незначительно различающихся разновидностей этого понятия. На самом деле, существует изоморфизм φ: Cliﬀ(n −1) →Cliﬀ0(n), заданный следующим образом: φ(ei) = eien, 1 ≤i ≤n −1, где {ei} – ортонормированный базис в Rn. Таким образом, спиноры в n измерениях – это то же самое, что и пиноры в n −1 измерениях!","Они называются спинорами – но мы предупреждаем читателя, что этот термин уже используется для обозначения многих незначительно различающихся разновидностей этого понятия. На самом деле, there exists isomorphism φ: Cliﬀ(n −1) →Cliﬀ0(n), заданный следующим образом: φ(ei) = eien, 1 ≤i ≤n −1, где {ei} – ортонормированный базис в Rn. Таким образом, спиноры в n измерениях – это then же самое, что и пиноры в n −1 измерениях!","∀ A B, A ≅ B ↔ ∃ f : A → B, Isomorphism(f)","import Mathlib

theorem dataset_item_0016 {G H : Type*} [Group G] [Group H] :
    Nonempty (G ≃* H) → Nonempty (H ≃* G) := by
  intro h
  rcases h with ⟨e⟩
  exact ⟨e.symm⟩",изоморфизм,ISOMORPH,elibrary_13294250_28611886.txt
"Можно проверить, что это – гомоморфизм на, и его ядро состоит из матриц ±1. Таким образом, если мы определим PSL(2, K) = SL(2, K)/{±1}, то получим изоморфизмы PSL(2, R) ∼= SO0(2, 1) PSL(2, C) ∼= SO0(3, 1) PSL(2, H) ∼= SO0(6, 1) PSL(2, O) ∼= SO0(9, 1). Объединяя это вместе с нашими предыдущими рассуждениями, получим, что PSL(2, K) действует как конформные преобразования KP1.","Можно проверить, что это – homomorphism на, и его ядро состоит из матриц ±1. Таким образом, if мы определим PSL(2, K) = SL(2, K)/{±1}, then получим изоморфизмы PSL(2, R) ∼= SO0(2, 1) PSL(2, C) ∼= SO0(3, 1) PSL(2, H) ∼= SO0(6, 1) PSL(2, O) ∼= SO0(9, 1). Объединяя это вместе с нашими предыдущими рассуждениями, получим, что PSL(2, K) действует как конформные преобразования KP1.","∀ A B, A ≅ B ↔ ∃ f : A → B, Isomorphism(f)","import Mathlib

theorem dataset_item_0017 {G H : Type*} [Group G] [Group H] :
    Nonempty (G ≃* H) → Nonempty (H ≃* G) := by
  intro h
  rcases h with ⟨e⟩
  exact ⟨e.symm⟩",гомоморфизм; изоморфизм,ISOMORPH,elibrary_13294250_28611886.txt
"Скобка элемента u(1) и элемента S10 является другим элементом S10, определённым посредством очевидного действия u(1) на этом комплексном пространстве. Если мы определим E6 как односвязную группу с алгеброй Ли e6, из результатов Адамса следует, что подгруппа, порождённая подалгеброй Ли so(10)⊕u(1) изоморфна (Spin(10)×U(1))/Z4. Это позволяет определить биоктонионную проективную плоскость посредством (C ⊗O)P2 = E6 / ((Spin(10) × U(1))/Z4) и сделать вывод, что касательная плоскость в любой точке этого многообразия изоморфна S10 ∼= (C ⊗O)2.","Скобка элемента u(1) и элемента S10 is другим элементом S10, определённым посредством очевидного действия u(1) на этом комплексном пространстве. if мы определим E6 как односвязную group с алгеброй Ли e6, из результатов Адамса следует, что subgroup, порождённая подалгеброй Ли so(10)⊕u(1) is isomorphic (Spin(10)×U(1))/Z4. Это позволяет определить биоктонионную проективную плоскость посредством (C ⊗O)P2 = E6 / ((Spin(10) × U(1))/Z4) и сделать вывод, что касательная плоскость в любой точке этого многообразия is isomorphic S10 ∼= (C ⊗O)2.","∀ A B, A ≅ B ↔ ∃ f : A → B, Isomorphism(f)","import Mathlib

theorem dataset_item_0018 {G H : Type*} [Group G] [Group H] :
    Nonempty (G ≃* H) → Nonempty (H ≃* G) := by
  intro h
  rcases h with ⟨e⟩
  exact ⟨e.symm⟩",алгебра; группа; действие; изоморфизм; подгруппа,ISOMORPH,elibrary_13294250_28611886.txt
"Скобки элемента sp(1) и элемента S+ 12 являются элементом S+ 12, определённым с использованием естественного действия sp(1) в этом пространстве. Если принять, что E7 – односвязная группа с алгеброй Ли e7, из результата Адамса [2] следует, что подгруппа, порождённая подалгеброй Ли so(12)⊕sp(1), изоморфна (Spin(12)×Sp(1))/Z2. Это позволяет определить кватероктонионную проективную плоскость посредством (H ⊗O)P2 = E7 / ((Spin(12) × Sp(1))/Z2) и сделать вывод, что касательная плоскость в любой точке этого многообразия изоморфна S+ 12 ∼= (H⊗O)2.","Скобки элемента sp(1) и элемента S+ 12 являются элементом S+ 12, определённым с использованием естественного действия sp(1) в этом пространстве. if принять, что E7 – односвязная group с алгеброй Ли e7, из результата Адамса [2] следует, что subgroup, порождённая подалгеброй Ли so(12)⊕sp(1), is isomorphic (Spin(12)×Sp(1))/Z2. Это позволяет определить кватероктонионную проективную плоскость посредством (H ⊗O)P2 = E7 / ((Spin(12) × Sp(1))/Z2) и сделать вывод, что касательная плоскость в любой точке этого многообразия is isomorphic S+ 12 ∼= (H⊗O)2.","∀ A B, A ≅ B ↔ ∃ f : A → B, Isomorphism(f)","import Mathlib

theorem dataset_item_0019 {G H : Type*} [Group G] [Group H] :
    Nonempty (G ≃* H) → Nonempty (H ≃* G) := by
  intro h
  rcases h with ⟨e⟩
  exact ⟨e.symm⟩",алгебра; группа; действие; изоморфизм; подгруппа,ISOMORPH,elibrary_13294250_28611886.txt
"2.3 Клиффордовы Алгебры Уильям Клиффорд изобрел свои алгебры в 1876 в качестве попытки обобщить кватернионы на высшие размерности, опубликовав работу о них двумя годами позже [23]. Октонионы пространство V с действительным скалярным произведением, клиффордова алгебра Cliﬀ(V ) является ассоциативной алгеброй, свободно порожденной посредством V по модулю соотношений v2 = −∥v∥2 для всех v ∈V . Эквивалентно, она является ассоциативной алгеброй, свободно порожденной посредством V по модулю соотношений vw + wv = −2⟨v, w⟩ для всех v, w ∈V .","2.3 Клиффордовы algebras Уильям Клиффорд изобрел свои algebras в 1876 в качестве попытки обобщить кватернионы на высшие размерности, опубликовав работу о них двумя годами позже [23]. Октонионы пространство V с действительным скалярным произведением, клиффордова algebra Cliﬀ(V ) is ассоциативной алгеброй, свободно порожденной посредством V по модулю соотношений v2 = −∥v∥2 for all v ∈V . Эквивалентно, она is ассоциативной алгеброй, свободно порожденной посредством V по модулю соотношений vw + wv = −2⟨v, w⟩ for all v, w ∈V .","∀ A B, A ≅ B ↔ ∃ f : A → B, Isomorphism(f)","import Mathlib

theorem dataset_item_0020 {G H : Type*} [Group G] [Group H] :
    Nonempty (G ≃* H) → Nonempty (H ≃* G) := by
  intro h
  rcases h with ⟨e⟩
  exact ⟨e.symm⟩",алгебра; модуль,ISOMORPH,elibrary_13294250_28611886.txt
"Это означает, что мы определяем ""прямую"" как класс эквивалентности элементов p × q ∈h3(O)∗, где снова два элемента полагаются эквивалентными, если один является ненулевым действительным кратным другого. Фройденталь показал, что мы получим проективную плоскость, изоморфную OP2, если мы возьмём эти наши определения точек и прямых и постановим, что точка [p] лежит на прямой [L] тогда и только тогда, когда L(p) = 0. Заметим, что это уравнение имеет смысл, даже несмотря на то, что L и p определены лишь с точностью до ненулевых действительных множителей.","Это означает, что мы определяем ""прямую"" как класс эквивалентности элементов p × q ∈h3(O)∗, где снова два элемента полагаются эквивалентными, if один is ненулевым действительным кратным другого. Фройденталь показал, что мы получим проективную плоскость, изоморфную OP2, if мы возьмём эти наши определения точек и прямых и постановим, что точка [p] лежит на прямой [L] тогда и только тогда, когда L(p) = 0. Заметим, что это уравнение has смысл, даже несмотря на then, что L и p определены лишь с точностью до ненулевых действительных множителей.","∀ A B, A ≅ B ↔ ∃ f : A → B, Isomorphism(f)","import Mathlib

theorem dataset_item_0021 {G H : Type*} [Group G] [Group H] :
    Nonempty (G ≃* H) → Nonempty (H ≃* G) := by
  intro h
  rcases h with ⟨e⟩
  exact ⟨e.symm⟩",изоморфизм,ISOMORPH,elibrary_13294250_28611886.txt
"Тогда йорданова алгебра h2(K) скрытым образом является также спиновым множителем! Существует изоморфизм φ: h2(K) →J(K ⊕R) ∼= K ⊕R ⊕R, заданный соотношением φ Ã α + β x x∗ α −β ! = (x, β, α), x ∈K, α, β ∈R. (6) Более того, определитель матриц из h2(K) хорошо определён даже тогда, когда K не коммутативна или не ассоциативна: det Ã α + β x x∗ α −β ! = α2 −β2 −∥x∥2, и мы, очевидно, имеем det(a) = −φ(a) · φ(a) для всех a ∈h2(K). Эти факты имеют целый ряд замечательных следствий.","Тогда йорданова algebra h2(K) скрытым образом is также спиновым множителем! there exists isomorphism φ: h2(K) →J(K ⊕R) ∼= K ⊕R ⊕R, заданный соотношением φ Ã α + β x x∗ α −β ! = (x, β, α), x ∈K, α, β ∈R. (6) Более того, определитель матриц из h2(K) хорошо определён даже тогда, когда K не коммутативна или не ассоциативна: det Ã α + β x x∗ α −β ! = α2 −β2 −∥x∥2, и мы, очевидно, имеем det(a) = −φ(a) · φ(a) for all a ∈h2(K). Эти факты имеют целый ряд замечательных следствий.","∀ A B, A ≅ B ↔ ∃ f : A → B, Isomorphism(f)","import Mathlib

theorem dataset_item_0022 {G H : Type*} [Group G] [Group H] :
    Nonempty (G ≃* H) → Nonempty (H ≃* G) := by
  intro h
  rcases h with ⟨e⟩
  exact ⟨e.symm⟩",алгебра; изоморфизм,ISOMORPH,elibrary_13294250_28611886.txt
"Мы, таким образом, получили весьма изящный инструментарий для работы с OP2. Если мы используем изоморфизм между h3(O) и дуальной к ней алгеброй для переинтерпретации кросс-произведения в качестве отображения ×: h3(O) × h3(O) →h3(O), тогда не только прямая, проходящая через разные точки [p] и [q], задаётся соотношением [p×q], но также точка, в которой две разные прямые [ℓ] и [m] пересекаются, задается посредством [ℓ× m]. Тройка точек [p], [q] и [r] лежит на одной прямой (коллинеарна), если и только если (p, q, r) = 0, и тройка прямых [ℓ], [m], [n] пересекается в точке, если и только если (ℓ, m, n) = 0.","Мы, таким образом, получили весьма изящный инструментарий для работы с OP2. if мы используем isomorphism между h3(O) и дуальной к ней алгеброй для переинтерпретации кросс-произведения в качестве отображения ×: h3(O) × h3(O) →h3(O), тогда не только прямая, проходящая через разные точки [p] и [q], задаётся соотношением [p×q], но также точка, в которой две разные прямые [ℓ] и [m] пересекаются, задается посредством [ℓ× m]. Тройка точек [p], [q] и [r] лежит на одной прямой (коллинеарна), if и только if (p, q, r) = 0, и тройка прямых [ℓ], [m], [n] пересекается в точке, if и только if (ℓ, m, n) = 0.","∀ A B, A ≅ B ↔ ∃ f : A → B, Isomorphism(f)","import Mathlib

theorem dataset_item_0023 {G H : Type*} [Group G] [Group H] :
    Nonempty (G ≃* H) → Nonempty (H ≃* G) := by
  intro h
  rcases h with ⟨e⟩
  exact ⟨e.symm⟩",алгебра; изоморфизм,ISOMORPH,elibrary_13294250_28611886.txt
"Используя соотношение между нормированными алгебрами с делением и тройственностями, мы получаем изоморфизм h3(O) ∼= R3 ⊕V8 ⊕S+ 8 ⊕S− 8    α z∗y∗ z β x y x∗γ   7→ ((α, β, γ), x, y, z), (7) где α, β, γ ∈R и x, y, z ∈O. Исследование йорданова произведения в h3(O) тогда открывает удивительный факт: в то время как поверхностно это произведение определено с использованием структуры ∗-алгебры на O, оно на самом деле может быть определено с использованием только естественных отображений V8 × S+ 8 →S− 8 , V8 × S− 8 →S+ 8 , S+ 8 × S− 8 →V8 вместе со скалярными произведениями этих трёх пространств. Вся эта информация содержится в нормированной тройственности t8 : V8 × S+ 8 × S− 8 →R, так что любой автоморфизм этой тройственности даёт автоморфизм h3(O).","Используя соотношение между нормированными алгебрами с делением и тройственностями, мы получаем isomorphism h3(O) ∼= R3 ⊕V8 ⊕S+ 8 ⊕S− 8    α z∗y∗ z β x y x∗γ   7→ ((α, β, γ), x, y, z), (7) где α, β, γ ∈R и x, y, z ∈O. Исследование йорданова произведения в h3(O) тогда открывает удивительный факт: в then время как поверхностно это произведение определено с использованием структуры ∗-algebras на O, оно на самом деле может быть определено с использованием только естественных отображений V8 × S+ 8 →S− 8 , V8 × S− 8 →S+ 8 , S+ 8 × S− 8 →V8 вместе со скалярными произведениями этих трёх пространств. Вся эта информация содержится в нормированной тройственности t8 : V8 × S+ 8 × S− 8 →R, так что любой автоморфизм этой тройственности даёт автоморфизм h3(O).","∀ A B, A ≅ B ↔ ∃ f : A → B, Isomorphism(f)","import Mathlib

theorem dataset_item_0024 {G H : Type*} [Group G] [Group H] :
    Nonempty (G ≃* H) → Nonempty (H ≃* G) := by
  intro h
  rcases h with ⟨e⟩
  exact ⟨e.symm⟩",алгебра; изоморфизм,ISOMORPH,elibrary_13294250_28611886.txt
"Поскольку каждая такая линия содержит единственный ненулевой элемент, можно также думать о плоскости Фано, как состоящей из семи ненулевых элементов Z3 2. Если начало координат в Z3 2 соответствует 1 ∈O, мы получим следующую картину октонионов: 1 e4 e3 e2 e5 e e6 e7 1 Заметим, что плоскости, проходящие через начало координат этого 3-мерного векторного пространства, дают подалгебры O, изоморфные кватернионам; линии, проходящие через начало координат, дают подалгебры, изоморфные комплексным числам, а само начало координат дает подалгебру, изоморфную действительным числам. Что в действительности мы имеем здесь – это описание октонионов как ""закрученной групповой алгебры"" (twisted group algebra).","Поскольку каждая такая линия содержит единственный ненулевой элемент, можно также думать о плоскости Фано, как состоящей из семи ненулевых элементов Z3 2. if начало координат в Z3 2 соответствует 1 ∈O, мы получим следующую картину октонионов: 1 e4 e3 e2 e5 e e6 e7 1 Заметим, что плоскости, проходящие через начало координат этого 3-мерного векторного пространства, дают подалгебры O, изоморфные кватернионам; линии, проходящие через начало координат, дают подалгебры, изоморфные комплексным числам, а само начало координат дает подалгебру, изоморфную действительным числам. Что в действительности мы имеем здесь – это описание октонионов как ""закрученной групповой algebras"" (twisted group algebra).","∀ A B, A ≅ B ↔ ∃ f : A → B, Isomorphism(f)","import Mathlib

theorem dataset_item_0025 {G H : Type*} [Group G] [Group H] :
    Nonempty (G ≃* H) → Nonempty (H ≃* G) := by
  intro h
  rcases h with ⟨e⟩
  exact ⟨e.symm⟩",алгебра; векторное_пространство; группа; изоморфизм,ISOMORPH,elibrary_13294250_28611886.txt
"Отображение K 7→[K] есть изоморфизм булевых алгебр B(E) и P(E). Если же в E фиксирована порядковая единица , то отображения π 7→π из P(E) в E(E) и e 7→{e}⊥⊥из E(E) в B(E) также являются изоморфизмами булевых алгебр. Ввиду этого утверждения каждую из булевых алгебр E(E) и P(E) также принято называть базой E.","Отображение K 7→[K] есть isomorphism булевых алгебр B(E) и P(E). if же в E фиксирована порядковая единица , then отображения π 7→π из P(E) в E(E) и e 7→{e}⊥⊥из E(E) в B(E) также являются изоморфизмами булевых алгебр. Ввиду этого утверждения каждую из булевых алгебр E(E) и P(E) также принято называть базой E.","∀ A B, A ≅ B ↔ ∃ f : A → B, Isomorphism(f)","import Mathlib

theorem dataset_item_0026 {G H : Type*} [Group G] [Group H] :
    Nonempty (G ≃* H) → Nonempty (H ≃* G) := by
  intro h
  rcases h with ⟨e⟩
  exact ⟨e.symm⟩",алгебра; изоморфизм,ISOMORPH,elibrary_17311557_92603127.txt
"Такеути, см. [57], а также библиографию в [23]. Понятно, что R↓изоморфно C∞(Q) или Bor(Q), если B — булева алгебра открыто замкнутых множество или же булева алгебре борелевских подмножеств Q по модулю множеств первой категории соответственно (см. Объект R↓для общих булевых алгебр рассмотрел также Т.","Такеути, см. [57], а также библиографию в [23]. Понятно, что R↓is isomorphic C∞(Q) или Bor(Q), if B — булева algebra открыто замкнутых множество или же булева алгебре борелевских подмножеств Q по модулю множеств первой категории соответственно (см. Объект R↓для общих булевых алгебр рассмотрел также Т.","∀ A B, A ≅ B ↔ ∃ f : A → B, Isomorphism(f)","import Mathlib

theorem dataset_item_0027 {G H : Type*} [Group G] [Group H] :
    Nonempty (G ≃* H) → Nonempty (H ≃* G) := by
  intro h
  rcases h with ⟨e⟩
  exact ⟨e.symm⟩",алгебра; изоморфизм; модуль,ISOMORPH,elibrary_17311557_92603127.txt
"Таким образом, [[ · = · ]], [[ · ∈· ]] : X × X →B, причем употребляют более привычные обозначения [[ x = y ]]:= [[ = (x, y) ]], [[ x ∈y ]]:= [[ ∈(x, y) ]] (x, y ∈X). Можно показать (см. [23, теорема 6.1.11]), что если к определению B-системы добавить некоторые естественные требования (технического характера), то существует единственная (с точностью до изоморфизма) B-система X := (X, [[ · = · ]], [[ · ∈· ]]), в которой справедливы все аксиомы (а значит и все теоремы) теории множеств ZFC, т. е. такие, что X |= ZFC. Такую B-систему называют булевозначной моделью теории множеств и обозначают символом V(B) := (V(B), [[ · = · ]], [[ · ∈· ]]).","Таким образом, [[ · = · ]], [[ · ∈· ]] : X × X →B, причем употребляют более привычные обозначения [[ x = y ]]:= [[ = (x, y) ]], [[ x ∈y ]]:= [[ ∈(x, y) ]] (x, y ∈X). Можно показать (см. [23, Theorem 6.1.11]), что if к определению B-системы добавить некоторые естественные требования (технического характера), then there exists единственная (с точностью до изоморфизма) B-система X := (X, [[ · = · ]], [[ · ∈· ]]), в которой справедливы все аксиомы (а значит и все теоремы) теории множеств ZFC, т. е. такие, что X |= ZFC. Такую B-систему называют булевозначной моделью теории множеств и обозначают символом V(B) := (V(B), [[ · = · ]], [[ · ∈· ]]).","∀ A B, A ≅ B ↔ ∃ f : A → B, Isomorphism(f)","import Mathlib

theorem dataset_item_0028 {G H : Type*} [Group G] [Group H] :
    Nonempty (G ≃* H) → Nonempty (H ≃* G) := by
  intro h
  rcases h with ⟨e⟩
  exact ⟨e.symm⟩",изоморфизм,ISOMORPH,elibrary_17311557_92603127.txt
"Обозначим через LA обогащение языка L новыми константными символами {ca | a ∈A}. Мы называем алгебраическую систему C языка LA A-системой, если подсистема в C, состоящая из выбранных элементов для констант ca, a ∈A, канонически изоморфна A. Пусть A и C — алгебраические системы языка L, причем A н¨етерова по уравнениям, а C — конечно порожденная Aсистема.","Обозначим через LA обогащение языка L новыми константными символами {ca | a ∈A}. Мы называем алгебраическую систему C языка LA A-системой, if подсистема в C, состоящая из выбранных элементов для констант ca, a ∈A, канонически is isomorphic A. Пусть A и C — алгебраические системы языка L, причем A н¨етерова по уравнениям, а C — конечно порожденная Aсистема.","∀ A B, A ≅ B ↔ ∃ f : A → B, Isomorphism(f)","import Mathlib

theorem dataset_item_0029 {G H : Type*} [Group G] [Group H] :
    Nonempty (G ≃* H) → Nonempty (H ≃* G) := by
  intro h
  rcases h with ⟨e⟩
  exact ⟨e.symm⟩",алгебра; изоморфизм,ISOMORPH,elibrary_19080842_19452035.txt
"Нетрудно проверить, что группа G изоморфна подгруппе UT3(Q[t]), порожденной четырьмя матрицами: A =   1 1 0 0 1 0 0 0 1  , B =   1 t 0 0 1 0 0 0 1  , C =   1 0 0 0 1 1 0 0 1  , D =   1 0 0 0 1 t 0 0 1  , при отображении x →A, y →B, z →C, t →D. В силу единственности расширения централизатора (предложение 3) если G есть подгруппа итерированного расширения централизаторов для группы FQ(2), то существует цепочка из двух расширений FQ(2) для элементов x и z и G изоморфна группе H0 = ⟨FQ(2) | [x, s1] = 1, [z, s2] = 1⟩. Но это не так, ибо dimQ(G′) = 3, а dimQ(H′ 0) = 4.","Нетрудно проверить, что group G is isomorphic подгруппе UT3(Q[t]), порожденной четырьмя матрицами: A =   1 1 0 0 1 0 0 0 1  , B =   1 t 0 0 1 0 0 0 1  , C =   1 0 0 0 1 1 0 0 1  , D =   1 0 0 0 1 t 0 0 1  , при отображении x →A, y →B, z →C, t →D. В силу единственности расширения централизатора (Proposition 3) if G есть subgroup итерированного расширения централизаторов для groups FQ(2), then there exists цепочка из двух расширений FQ(2) для элементов x и z и G is isomorphic group H0 = ⟨FQ(2) | [x, s1] = 1, [z, s2] = 1⟩. Но это не так, ибо dimQ(G′) = 3, а dimQ(H′ 0) = 4.","∀ A B, A ≅ B ↔ ∃ f : A → B, Isomorphism(f)","import Mathlib

theorem dataset_item_0030 {G H : Type*} [Group G] [Group H] :
    Nonempty (G ≃* H) → Nonempty (H ≃* G) := by
  intro h
  rcases h with ⟨e⟩
  exact ⟨e.symm⟩",группа; изоморфизм; подгруппа,ISOMORPH,elibrary_19080842_19452035.txt
"Значит, Λ1 ⊗b1 ⊆I, что в силу произвольности b1 влечёт I = Λ(A). Известно, что C(Λ ⊗A) изоморфен Λ, [20, лемма 4.2]. При этом C(Λ(A)) вкладывается в C(Λ ⊗A), т. к. Λ ⊗A = (Λ ⊗1)Λ(A), тогда C(Λ(A)) = Λ0.","Значит, Λ1 ⊗b1 ⊆I, что в силу произвольности b1 влечёт I = Λ(A). Известно, что C(Λ ⊗A) изоморфен Λ, [20, Lemma 4.2]. При этом C(Λ(A)) вкладывается в C(Λ ⊗A), т. к. Λ ⊗A = (Λ ⊗1)Λ(A), тогда C(Λ(A)) = Λ0.","∀ A B, A ≅ B ↔ ∃ f : A → B, Isomorphism(f)","import Mathlib

theorem dataset_item_0031 {G H : Type*} [Group G] [Group H] :
    Nonempty (G ≃* H) → Nonempty (H ≃* G) := by
  intro h
  rcases h with ⟨e⟩
  exact ⟨e.symm⟩",изоморфизм,ISOMORPH,elibrary_20655097_41678750.txt
"Предположим, что Λ(B(f)) — свободный Z(Λ(B(f)))-модуль. Поскольку dim B(f) = 2m и Λ1 — модуль ранга 1, то Λ(B(f)) ∼= Λ2m 0 — изоморфизм Λ0-модулей. Следовательно, Λ2m 0 ∼= Λ(B(f)) ∼= Λ0 ⊕Λ1 ⊗B1 ∼= Λ0 ⊕Λ2(m−1) 0 ⊕Λ1 ∼= Λ2m−1 0 ⊕Λ1.","Предположим, что Λ(B(f)) — свободный Z(Λ(B(f)))-module. Поскольку dim B(f) = 2m и Λ1 — module ранга 1, then Λ(B(f)) ∼= Λ2m 0 — isomorphism Λ0-модулей. Следовательно, Λ2m 0 ∼= Λ(B(f)) ∼= Λ0 ⊕Λ1 ⊗B1 ∼= Λ0 ⊕Λ2(m−1) 0 ⊕Λ1 ∼= Λ2m−1 0 ⊕Λ1.","∀ A B, A ≅ B ↔ ∃ f : A → B, Isomorphism(f)","import Mathlib

theorem dataset_item_0032 {G H : Type*} [Group G] [Group H] :
    Nonempty (G ≃* H) → Nonempty (H ≃* G) := by
  intro h
  rcases h with ⟨e⟩
  exact ⟨e.symm⟩",изоморфизм; модуль,ISOMORPH,elibrary_20655097_41678750.txt
"Напомним, что для произвольной алгебры A её ассоциативный центр N(A), коммутативный центр K(A), центр Z(A) и центроид C(A) определяются следующим образом: N(A) = {n ∈A | (n, a, b) = (a, n, b) = (a, b, n) = 0 для любых a, b ∈A}, K(A) = {k ∈A | ka = ak для любого a ∈A}, Z(A) = N(A) ∩K(A), C(A) = {φ : A 7→A | φ линейно и φ(ab) = φ(a)b = aφ(b) для всех a, b ∈A}, здесь (x, y, z) = (xy)z −x(yz) — ассоциатор от x, y, z. Хорошо известно: если A — алгебра с единицей, то Z(A) изоморфен C(A) (в ассоциативном случае это доказано в [19, гл. 2], однако, в упомянутом доказательстве ассоциативность не используется).","Напомним, что для произвольной algebras A её ассоциативный центр N(A), коммутативный центр K(A), центр Z(A) и центроид C(A) определяются следующим образом: N(A) = {n ∈A | (n, a, b) = (a, n, b) = (a, b, n) = 0 для любых a, b ∈A}, K(A) = {k ∈A | ka = ak for every a ∈A}, Z(A) = N(A) ∩K(A), C(A) = {φ : A 7→A | φ линейно и φ(ab) = φ(a)b = aφ(b) for all a, b ∈A}, здесь (x, y, z) = (xy)z −x(yz) — ассоциатор от x, y, z. Хорошо известно: if A — algebra с единицей, then Z(A) изоморфен C(A) (в ассоциативном случае это доказано в [19, гл. 2], однако, в упомянутом доказательстве ассоциативность не используется).","∀ A B, A ≅ B ↔ ∃ f : A → B, Isomorphism(f)","import Mathlib

theorem dataset_item_0033 {G H : Type*} [Group G] [Group H] :
    Nonempty (G ≃* H) → Nonempty (H ≃* G) := by
  intro h
  rcases h with ⟨e⟩
  exact ⟨e.symm⟩",алгебра; изоморфизм,ISOMORPH,elibrary_20655097_41678750.txt
"Ясно, что множество D = {D1 ⊗id, . . . , Dn ⊗id} состоит из дифференцирований Sph-оболочки алгебры A, где отображение Di ⊗id : Sph(A) 7→Sph(A) определяется правилом (Di ⊗id)  X k d(k) 0 ⊗a(k) 0 + X j d(j) 1 ⊗a(j) 1  = = X k Di(d(k) 0 ) ⊗a(k) 0 + X j Di(d(j) 1 ) ⊗a(j) 1 , здесь d(k) s ∈Sph(n)s, a(k) s ∈As, s ∈{0, 1}. Напомним, что для произвольной алгебры A её ассоциативный центр N(A), коммутативный центр K(A), центр Z(A) и центроид C(A) определяются следующим образом: N(A) = {n ∈A | (n, a, b) = (a, n, b) = (a, b, n) = 0 для любых a, b ∈A}, K(A) = {k ∈A | ka = ak для любого a ∈A}, Z(A) = N(A) ∩K(A), C(A) = {φ : A 7→A | φ линейно и φ(ab) = φ(a)b = aφ(b) для всех a, b ∈A}, здесь (x, y, z) = (xy)z −x(yz) — ассоциатор от x, y, z. Хорошо известно: если A — алгебра с единицей, то Z(A) изоморфен C(A) (в ассоциативном случае это доказано в [19, гл.","Ясно, что множество D = {D1 ⊗id, . . . , Dn ⊗id} состоит из дифференцирований Sph-оболочки algebras A, где отображение Di ⊗id : Sph(A) 7→Sph(A) определяется правилом (Di ⊗id)  X k d(k) 0 ⊗a(k) 0 + X j d(j) 1 ⊗a(j) 1  = = X k Di(d(k) 0 ) ⊗a(k) 0 + X j Di(d(j) 1 ) ⊗a(j) 1 , здесь d(k) s ∈Sph(n)s, a(k) s ∈As, s ∈{0, 1}. Напомним, что для произвольной algebras A её ассоциативный центр N(A), коммутативный центр K(A), центр Z(A) и центроид C(A) определяются следующим образом: N(A) = {n ∈A | (n, a, b) = (a, n, b) = (a, b, n) = 0 для любых a, b ∈A}, K(A) = {k ∈A | ka = ak for every a ∈A}, Z(A) = N(A) ∩K(A), C(A) = {φ : A 7→A | φ линейно и φ(ab) = φ(a)b = aφ(b) for all a, b ∈A}, здесь (x, y, z) = (xy)z −x(yz) — ассоциатор от x, y, z. Хорошо известно: if A — algebra с единицей, then Z(A) изоморфен C(A) (в ассоциативном случае это доказано в [19, гл.","∀ A B, A ≅ B ↔ ∃ f : A → B, Isomorphism(f)","import Mathlib

theorem dataset_item_0034 {G H : Type*} [Group G] [Group H] :
    Nonempty (G ≃* H) → Nonempty (H ≃* G) := by
  intro h
  rcases h with ⟨e⟩
  exact ⟨e.symm⟩",алгебра; изоморфизм,ISOMORPH,elibrary_20655097_41678750.txt
"2014. №2 (iv) для любого плотного правого идеала J кольца R и для всякого гомоморфизма f : JR →RR найдется такой элемент q ∈Q(R), что f(x) = qx для любого x ∈J. Более того, условия (i)—(iv) задают кольцо Q(R) с точностью до изоморфизма [3, предложение 2.1.7]. Кольцо Q(R), удовлетворяющее условиям (i)—(iv), называется полным правым кольцом частных кольца R.","2014. №2 (iv) for every плотного правого идеала J rings R и для всякого гомоморфизма f : JR →RR найдется такой элемент q ∈Q(R), что f(x) = qx for every x ∈J. Более того, условия (i)—(iv) задают ring Q(R) с точностью до изоморфизма [3, Proposition 2.1.7]. ring Q(R), удовлетворяющее условиям (i)—(iv), is called полным правым кольцом частных rings R.","∀ A B, A ≅ B ↔ ∃ f : A → B, Isomorphism(f)","import Mathlib

theorem dataset_item_0035 {G H : Type*} [Group G] [Group H] :
    Nonempty (G ≃* H) → Nonempty (H ≃* G) := by
  intro h
  rcases h with ⟨e⟩
  exact ⟨e.symm⟩",гомоморфизм; идеал; изоморфизм; кольцо,ISOMORPH,elibrary_21653116_33290688.txt
"13 ВМУ, математика, механика, №2 26 вестн. моск. ун-та. сер.1, математика. механика. 2014. №2 (iv) для любого плотного правого идеала J кольца R и для всякого гомоморфизма f : JR →RR найдется такой элемент q ∈Q(R), что f(x) = qx для любого x ∈J. Более того, условия (i)—(iv) задают кольцо Q(R) с точностью до изоморфизма [3, предложение 2.1.7].","13 ВМУ, математика, механика, №2 26 вестн. моск. ун-та. сер.1, математика. механика. 2014. №2 (iv) for every плотного правого идеала J rings R и для всякого гомоморфизма f : JR →RR найдется такой элемент q ∈Q(R), что f(x) = qx for every x ∈J. Более того, условия (i)—(iv) задают ring Q(R) с точностью до изоморфизма [3, Proposition 2.1.7].","∀ A B, A ≅ B ↔ ∃ f : A → B, Isomorphism(f)","import Mathlib

theorem dataset_item_0036 {G H : Type*} [Group G] [Group H] :
    Nonempty (G ≃* H) → Nonempty (H ≃* G) := by
  intro h
  rcases h with ⟨e⟩
  exact ⟨e.symm⟩",гомоморфизм; идеал; изоморфизм; кольцо,ISOMORPH,elibrary_21653116_33290688.txt
"Тогда End∗ Λ(VF ) изоморфна алгебре матриц F n×n с инволюцией, определённой по правилу A = (aij) 7→A∗, где A∗обозначает транспонированную матрицу от (a∗ ij). Семенова Элемент e ∗-кольца называется проекцией, если e = e2 = e∗. Отметим, что любая проекция совпадает со своим псевдообращением, а e = aa+ и f = a+a являются проекциями, если a+ является псевдообращением к a.","Тогда End∗ Λ(VF ) is isomorphic алгебре матриц F n×n с инволюцией, определённой по правилу A = (aij) 7→A∗, где A∗обозначает транспонированную матрицу от (a∗ ij). Семенова Элемент e ∗-rings is called проекцией, if e = e2 = e∗. Отметим, что любая проекция совпадает со своим псевдообращением, а e = aa+ и f = a+a являются проекциями, if a+ is псевдообращением к a.","∀ A B, A ≅ B ↔ ∃ f : A → B, Isomorphism(f)","import Mathlib

theorem dataset_item_0037 {G H : Type*} [Group G] [Group H] :
    Nonempty (G ≃* H) → Nonempty (H ≃* G) := by
  intro h
  rcases h with ⟨e⟩
  exact ⟨e.symm⟩",алгебра; изоморфизм; кольцо,ISOMORPH,elibrary_22530727_92219979.txt
"Если A является дополнительно C∗- алгеброй, то она называется AW ∗-алгеброй (рикартовской C∗-алгеброй соответственно). Согласно [10, 14.22, 14.24] это определение AW ∗-алгебры эквивалентно определению, данному в [23]. Любая алгебра фон Ноймана является AW ∗-алгеброй.","if A is дополнительно C∗- алгеброй, then она is called AW ∗-алгеброй (рикартовской C∗-алгеброй соответственно). Согласно [10, 14.22, 14.24] это Definition AW ∗-algebras эквивалентно определению, данному в [23]. Любая algebra фон Ноймана is AW ∗-алгеброй.","∀ A B, A ≅ B ↔ ∃ f : A → B, Isomorphism(f)","import Mathlib

theorem dataset_item_0038 {G H : Type*} [Group G] [Group H] :
    Nonempty (G ≃* H) → Nonempty (H ≃* G) := by
  intro h
  rcases h with ⟨e⟩
  exact ⟨e.symm⟩",алгебра,ISOMORPH,elibrary_22530727_92219979.txt
"Теорема 28 даёт точное представление последней в некотором замкнутом подпространстве U ультрастепени ˆVˆC = V I C/U. (ii) Согласно теореме 16, Q(A) является гомоморфным образом подалгебры в ультрапроизведении Q k∈K End∗ Λ (Uk)ˆC /W, где dim Uk = nk < ω для всех k ∈K. Согласно предложениям 8 и 13(ii), алгебра эндоморфизмов End∗ Λ (Uk)ˆC изоморфна (Cnk×nk)I/U для любого k ∈K. Поскольку все перечисленные алгебраические конструкции сохраняют псевдообраще- 500 К.","Theorem 28 даёт точное представление последней в некотором замкнутом подпространстве U ультрастепени ˆVˆC = V I C/U. (ii) Согласно теореме 16, Q(A) is гомоморфным образом подалгебры в ультрапроизведении Q k∈K End∗ Λ (Uk)ˆC /W, где dim Uk = nk < ω for all k ∈K. Согласно предложениям 8 и 13(ii), algebra эндоморфизмов End∗ Λ (Uk)ˆC is isomorphic (Cnk×nk)I/U for every k ∈K. Поскольку все перечисленные алгебраические конструкции сохраняют псевдообраще- 500 К.","∀ A B, A ≅ B ↔ ∃ f : A → B, Isomorphism(f)","import Mathlib

theorem dataset_item_0039 {G H : Type*} [Group G] [Group H] :
    Nonempty (G ≃* H) → Nonempty (H ≃* G) := by
  intro h
  rcases h with ⟨e⟩
  exact ⟨e.symm⟩",алгебра; гомоморфизм; изоморфизм,ISOMORPH,elibrary_22530727_92219979.txt
"В этом случае левый аннигилятор множества X также порождается проекцией. Если A является дополнительно C∗- алгеброй, то она называется AW ∗-алгеброй (рикартовской C∗-алгеброй соответственно). Согласно [10, 14.22, 14.24] это определение AW ∗-алгебры эквивалентно определению, данному в [23].","В этом случае левый аннигилятор множества X также порождается проекцией. if A is дополнительно C∗- алгеброй, then она is called AW ∗-алгеброй (рикартовской C∗-алгеброй соответственно). Согласно [10, 14.22, 14.24] это Definition AW ∗-algebras эквивалентно определению, данному в [23].","∀ A B, A ≅ B ↔ ∃ f : A → B, Isomorphism(f)","import Mathlib

theorem dataset_item_0040 {G H : Type*} [Group G] [Group H] :
    Nonempty (G ≃* H) → Nonempty (H ≃* G) := by
  intro h
  rcases h with ⟨e⟩
  exact ⟨e.symm⟩",алгебра,ISOMORPH,elibrary_22530727_92219979.txt
"Согласно следствию 45, Q(A) ∼= R/≈D для некоторой алгебры обобщённых операторов (RVC; D). Теорема 28 даёт точное представление последней в некотором замкнутом подпространстве U ультрастепени ˆVˆC = V I C/U. (ii) Согласно теореме 16, Q(A) является гомоморфным образом подалгебры в ультрапроизведении Q k∈K End∗ Λ (Uk)ˆC /W, где dim Uk = nk < ω для всех k ∈K. Согласно предложениям 8 и 13(ii), алгебра эндоморфизмов End∗ Λ (Uk)ˆC изоморфна (Cnk×nk)I/U для любого k ∈K.","Согласно следствию 45, Q(A) ∼= R/≈D для некоторой algebras обобщённых операторов (RVC; D). Theorem 28 даёт точное представление последней в некотором замкнутом подпространстве U ультрастепени ˆVˆC = V I C/U. (ii) Согласно теореме 16, Q(A) is гомоморфным образом подалгебры в ультрапроизведении Q k∈K End∗ Λ (Uk)ˆC /W, где dim Uk = nk < ω for all k ∈K. Согласно предложениям 8 и 13(ii), algebra эндоморфизмов End∗ Λ (Uk)ˆC is isomorphic (Cnk×nk)I/U for every k ∈K.","∀ A B, A ≅ B ↔ ∃ f : A → B, Isomorphism(f)","import Mathlib

theorem dataset_item_0041 {G H : Type*} [Group G] [Group H] :
    Nonempty (G ≃* H) → Nonempty (H ≃* G) := by
  intro h
  rcases h with ⟨e⟩
  exact ⟨e.symm⟩",алгебра; гомоморфизм; изоморфизм,ISOMORPH,elibrary_22530727_92219979.txt
"Первое утверждение теперь следует из того, что все gr-инъективные оболочки модуля X изоморфны. Структура gr-инъективных модулей Определение 22. Пусть R — градуированное кольцо, X — левый Re-модуль.","Первое утверждение теперь следует из того, что все gr-инъективные оболочки module X are isomorphic. Структура gr-инъективных модулей Definition 22. Пусть R — градуированное ring, X — левый Re-module.","∀ A B, A ≅ B ↔ ∃ f : A → B, Isomorphism(f)","import Mathlib

theorem dataset_item_0042 {G H : Type*} [Group G] [Group H] :
    Nonempty (G ≃* H) → Nonempty (H ≃* G) := by
  intro h
  rcases h with ⟨e⟩
  exact ⟨e.symm⟩",изоморфизм; кольцо; модуль,ISOMORPH,elibrary_23616763_32002541.txt
"Таким образом, для полупервичных правых колец Голди R справедливо также равенство Qcl(R) = Q(R). Существует и другой подход, при котором сразу исследуются максимальные правые кольца частных. Сначала укажем эквивалентную характеризацию полупервичных правых колец Голди.","Таким образом, для полупервичных правых колец Голди R справедливо также равенство Qcl(R) = Q(R). there exists и другой подход, при котором сразу исследуются максимальные правые rings частных. Сначала укажем эквивалентную характеризацию полупервичных правых колец Голди.","∀ A B, A ≅ B ↔ ∃ f : A → B, Isomorphism(f)","import Mathlib

theorem dataset_item_0043 {G H : Type*} [Group G] [Group H] :
    Nonempty (G ≃* H) → Nonempty (H ≃* G) := by
  intro h
  rcases h with ⟨e⟩
  exact ⟨e.symm⟩",кольцо,ISOMORPH,elibrary_23616763_32002541.txt
"Тогда f(Y ) = 0, и по лемме 7 Y — gr-рациональное расширение X. Первое утверждение теперь следует из того, что все gr-инъективные оболочки модуля X изоморфны. Структура gr-инъективных модулей Определение 22.","Тогда f(Y ) = 0, и по лемме 7 Y — gr-рациональное расширение X. Первое утверждение теперь следует из того, что все gr-инъективные оболочки module X are isomorphic. Структура gr-инъективных модулей Definition 22.","∀ A B, A ≅ B ↔ ∃ f : A → B, Isomorphism(f)","import Mathlib

theorem dataset_item_0044 {G H : Type*} [Group G] [Group H] :
    Nonempty (G ≃* H) → Nonempty (H ≃* G) := by
  intro h
  rcases h with ⟨e⟩
  exact ⟨e.symm⟩",изоморфизм; модуль,ISOMORPH,elibrary_23616763_32002541.txt
"Другими словами, градуированный R-модуль gr-инъективен, если он инъективен как объект категории gr.mod-R. Ясно, что если в определении 19 все гомоморфизмы считать сдвигающими градуировку, то получится эквивалентное определение. Градуированный R-модуль XR gr-инъективен тогда и только тогда, когда функтор HOMR(−, X) точен.","Другими словами, градуированный R-module gr-инъективен, if он инъективен как объект категории gr.mod-R. Ясно, что if в определении 19 все гомоморфизмы считать сдвигающими градуировку, then получится эквивалентное Definition. Градуированный R-module XR gr-инъективен тогда и только тогда, когда функтор HOMR(−, X) точен.","∀ A B, A ≅ B ↔ ∃ f : A → B, Isomorphism(f)","import Mathlib

theorem dataset_item_0045 {G H : Type*} [Group G] [Group H] :
    Nonempty (G ≃* H) → Nonempty (H ≃* G) := by
  intro h
  rcases h with ⟨e⟩
  exact ⟨e.symm⟩",гомоморфизм,ISOMORPH,elibrary_23616763_32002541.txt
"Тогда существует изоморфизм градуированных колец S и Qgr, тождественный на R тогда и только тогда, когда выполнены следующие условия: 1) S — градуированное правое кольцо частных кольца R; 2) для любых D ∈Dgr r , g ∈G, f ∈ HOMR(D, R) g найдётся элемент s ∈Sg, такой что для любых d ∈h(D) справедливо f(d) = sd. HOMR(A, I) = HOMQgr(A, I) для любого градуированного модуля AQgr; в частности, ENDQgr(I) = H и ENDR(Qgr) = ENDQgr(Qgr) ∼= Qgr. IQgr — gr-инъективная оболочка модуля Qgr Qgr.","Тогда there exists isomorphism градуированных колец S и Qgr, тождественный на R тогда и только тогда, когда выполнены следующие условия: 1) S — градуированное правое ring частных rings R; 2) для любых D ∈Dgr r , g ∈G, f ∈ HOMR(D, R) g найдётся элемент s ∈Sg, такой что для любых d ∈h(D) справедливо f(d) = sd. HOMR(A, I) = HOMQgr(A, I) for every градуированного module AQgr; в частности, ENDQgr(I) = H и ENDR(Qgr) = ENDQgr(Qgr) ∼= Qgr. IQgr — gr-инъективная оболочка module Qgr Qgr.","∀ A B, A ≅ B ↔ ∃ f : A → B, Isomorphism(f)","import Mathlib

theorem dataset_item_0046 {G H : Type*} [Group G] [Group H] :
    Nonempty (G ≃* H) → Nonempty (H ≃* G) := by
  intro h
  rcases h with ⟨e⟩
  exact ⟨e.symm⟩",изоморфизм; кольцо; модуль,ISOMORPH,elibrary_23616763_32002541.txt
"Особого внимания заслуживает случай градуировки по упорядоченной группе, при котором многие свойства градуированного кольца оказываются эквивалентными их градуированным аналогам. Группа G называется упорядоченной, если на ней введён линейный порядок ⩽, такой что a ⩽b =⇒ac ⩽bc и ca ⩽cb при всех a, b, c ∈G. Заметим, что в первых работах по градуированным кольцам рассматривалась градуировка только по группе Z целых чисел с обычным порядком.","Особого внимания заслуживает случай градуировки по упорядоченной group, при котором многие свойства градуированного rings оказываются эквивалентными их градуированным аналогам. group G is called упорядоченной, if на ней введён линейный порядок ⩽, такой что a ⩽b =⇒ac ⩽bc и ca ⩽cb при всех a, b, c ∈G. Заметим, что в первых работах по градуированным кольцам рассматривалась градуировка только по group Z целых чисел с обычным порядком.","∀ A B, A ≅ B ↔ ∃ f : A → B, Isomorphism(f)","import Mathlib

theorem dataset_item_0047 {G H : Type*} [Group G] [Group H] :
    Nonempty (G ≃* H) → Nonempty (H ≃* G) := by
  intro h
  rcases h with ⟨e⟩
  exact ⟨e.symm⟩",группа; кольцо; свойство,ISOMORPH,elibrary_23616763_32002541.txt
"Для доказательства gr-самоинъективности кольца Cgr согласно теореме 8 достаточно показать, что существует однородный элемент c ∈Cgr, для которого ϕ(x) = cx для всех x ∈K. Михал¨ев В силу gr-регулярности кольца Cgr все градуированные левые Cgr-модули являются gr-плоскими, т. е. плоскими (предложение 5). Тогда из [17, предложение 1] следует, что имеет место канонический изоморфизм f : Qgr ⊗Cgr K →QgrK, задаваемый правилом f n i=1 qi ⊗ki = n i=1 qiki (qi ∈Qgr, ki ∈K).","Для доказательства gr-самоинъективности rings Cgr согласно теореме 8 достаточно показать, что there exists однородный элемент c ∈Cgr, для которого ϕ(x) = cx for all x ∈K. Михал¨ев В силу gr-регулярности rings Cgr все градуированные левые Cgr-modules являются gr-плоскими, т. е. плоскими (Proposition 5). Тогда из [17, Proposition 1] следует, что has место канонический isomorphism f : Qgr ⊗Cgr K →QgrK, задаваемый правилом f n i=1 qi ⊗ki = n i=1 qiki (qi ∈Qgr, ki ∈K).","∀ A B, A ≅ B ↔ ∃ f : A → B, Isomorphism(f)","import Mathlib

theorem dataset_item_0048 {G H : Type*} [Group G] [Group H] :
    Nonempty (G ≃* H) → Nonempty (H ≃* G) := by
  intro h
  rcases h with ⟨e⟩
  exact ⟨e.symm⟩",изоморфизм; кольцо,ISOMORPH,elibrary_23616763_32002541.txt
"Михал¨ев В силу gr-регулярности кольца Cgr все градуированные левые Cgr-модули являются gr-плоскими, т. е. плоскими (предложение 5). Тогда из [17, предложение 1] следует, что имеет место канонический изоморфизм f : Qgr ⊗Cgr K →QgrK, задаваемый правилом f n i=1 qi ⊗ki = n i=1 qiki (qi ∈Qgr, ki ∈K). Следовательно, найдётся градуированный морфизм ψ, для которого коммутативна следующая диаграмма: Qgr ⊗Cgr K 1⊗ϕ −−−−→Qgr ⊗Cgr Cgr f  h  QgrK ψ −−−−→ Qgr .","Михал¨ев В силу gr-регулярности rings Cgr все градуированные левые Cgr-modules являются gr-плоскими, т. е. плоскими (Proposition 5). Тогда из [17, Proposition 1] следует, что has место канонический isomorphism f : Qgr ⊗Cgr K →QgrK, задаваемый правилом f n i=1 qi ⊗ki = n i=1 qiki (qi ∈Qgr, ki ∈K). Следовательно, найдётся градуированный морфизм ψ, для которого коммутативна следующая диаграмма: Qgr ⊗Cgr K 1⊗ϕ −−−−→Qgr ⊗Cgr Cgr f  h  QgrK ψ −−−−→ Qgr .","∀ A B, A ≅ B ↔ ∃ f : A → B, Isomorphism(f)","import Mathlib

theorem dataset_item_0049 {G H : Type*} [Group G] [Group H] :
    Nonempty (G ≃* H) → Nonempty (H ≃* G) := by
  intro h
  rcases h with ⟨e⟩
  exact ⟨e.symm⟩",изоморфизм; кольцо,ISOMORPH,elibrary_23616763_32002541.txt
"Полная gr-приводимость В классической теории колец детально изучены вполне приводимые кольца, т. е. кольца, в которых каждый односторонний идеал выделяется прямым слагаемым. Строение и эквивалентные характеристики таких колец даёт теорема Молина—Веддербёрна—Артина, согласно которой вполне приводимые кольца изоморфны конечным прямым произведениям колец матриц над телами. В теории градуированных колец получены аналоги этой теоремы (см. ниже).","Полная gr-приводимость В классической теории колец детально изучены вполне приводимые rings, т. е. rings, в которых каждый односторонний ideal выделяется прямым слагаемым. Строение и эквивалентные характеристики таких колец даёт Theorem Молина—Веддербёрна—Артина, согласно которой вполне приводимые rings are isomorphic конечным прямым произведениям колец матриц над телами. В теории градуированных колец получены аналоги этой теоремы (см. ниже).","∀ A B, A ≅ B ↔ ∃ f : A → B, Isomorphism(f)","import Mathlib

theorem dataset_item_0050 {G H : Type*} [Group G] [Group H] :
    Nonempty (G ≃* H) → Nonempty (H ≃* G) := by
  intro h
  rcases h with ⟨e⟩
  exact ⟨e.symm⟩",идеал; изоморфизм; кольцо,ISOMORPH,elibrary_23616763_32002541.txt
